GEOID,nodes
20161,25607
19159,61
30009,2638
16007,1240
55011,7934
31185,480
08037,13337
42129,30465
40079,1224
48053,12426
36017,681
20109,238
47053,1491
27061,6837
25017,387873
36119,76295
46093,2402
54107,4224
19021,443
47021,10868
05019,2816
51105,949
27013,7751
56033,723
22087,3408
19015,3749
39035,112964
45027,4022
41035,5986
45015,17489
25005,37927
25015,29889
49025,5368
37127,6502
44007,37068
42111,8950
45059,11621
48057,797
49017,9919
48341,3011
27167,1079
48185,160
05073,4
49047,6474
53043,575
25025,182870
36025,14237
06059,259504
36115,4400
37043,1383
06111,82802
46127,1446
13021,5650
41051,217555
48035,846
17017,354
13049,362
29033,1506
31157,1394
26119,1026
09011,45916
13283,0
37119,243484
54043,178
45035,6093
34041,27749
12095,288505
47001,13819
05021,384
24047,6736
27145,40098
48471,5236
24003,89209
30059,5556
22053,189
22055,4042
39043,11737
01033,6216
38105,1024
22011,16
48407,575
13309,50
13279,784
24033,291373
29143,371
42097,13952
17129,494
12125,290
28079,195
31091,0
41043,12147
13077,11078
29087,78
10005,14057
06063,4982
12069,214710
42131,1698
51163,3995
22113,938
51001,1193
51099,2314
38037,2
18179,1986
32031,131642
38035,16740
19045,1976
22119,51
21093,12168
22081,0
22107,187
47173,466
51185,1860
40087,26494
17109,5113
27083,1759
46071,231
13153,1286
42051,8606
41021,31
01051,2131
05041,224
17197,167817
21119,246
13183,4018
05061,231
12127,141166
21025,576
20075,0
27139,34142
27015,3406
27053,362619
42027,68881
37147,13078
21017,788
45043,3091
56029,10578
21183,835
23023,6113
19175,305
20149,26995
19023,106
53021,57782
21007,75
45031,3141
22031,178
53071,4287
01023,99
18157,34573
48005,594
08059,125769
08067,3772
51029,857
26147,42069
20031,131
54085,1583
31007,0
48443,9
28121,10120
04015,15830
48421,6
30049,57592
48101,160
51047,4371
16031,1789
08077,35248
51179,44044
16025,1605
19143,90
51085,28675
54021,916
40089,81
28001,171
28145,323
08035,255234
26053,11969
01109,1476
51009,16939
34021,92375
47003,627
21013,854
40135,770
06015,4698
13163,219
12105,164817
55111,13537
49051,27820
41007,5878
54017,897
16077,2920
28051,73
48481,1624
48479,5671
28073,805
26047,12621
26103,12972
21239,4794
47037,121629
37007,508
37031,11127
47143,1265
26055,33035
18071,2711
34007,58153
37163,638
48223,424
21203,1210
54011,27784
13261,426
08043,6321
54071,1402
16023,587
29113,1647
54047,265
20067,0
12119,11374
51131,583
48387,34
48377,3106
31009,12
54033,3440
01041,122
46055,35
46123,221
37131,1835
51017,4403
12073,68146
30069,217
21063,129
55019,710
16005,3079
45073,5388
51081,13
08023,380
31005,5
22043,1277
13313,1302
30099,11937
21229,0
22057,3851
31103,0
28131,1001
48501,90
56013,4545
24025,109202
06023,15555
20069,5
13019,517
37053,7167
13319,338
47065,23279
16013,5496
47097,258
06043,2714
22099,14305
21089,9402
21071,1736
49023,1293
08091,9883
38053,5707
24015,19265
13263,344
21107,280
48193,437
48389,636
13315,52
13229,180
47049,12263
12047,4229
53041,3237
08001,161310
13265,226
13311,7083
26141,2298
40013,1358
05093,842
47187,60621
48227,705
01107,1110
47009,8228
41005,94933
22075,1435
48267,307
37103,11615
16069,2158
29019,22386
48015,757
22123,30
37085,10984
13249,15
30085,133
13075,1158
51137,1508
51187,4970
21011,2387
48207,2
48383,74
47119,7699
08111,13507
48301,0
30089,11655
54057,3203
47127,1243
47167,360
51199,23684
48213,831
09001,76377
48329,22509
47035,2283
47079,65
47121,757
47149,47843
12093,998
47117,1939
47163,5442
47031,4981
13209,51
48043,930
48039,75964
25023,54367
45003,10752
20071,58
48465,1374
36075,6593
38095,61
17031,681504
06037,612782
39095,100929
54059,1294
39127,2929
46041,85
04005,50380
48125,0
05001,614
19177,26
27023,566
01087,4979
05069,1463
05091,537
06065,279856
06101,2331
06113,77352
08065,1126
42005,8691
13133,1058
48289,507
20163,0
53005,62904
45009,427
53011,45972
51097,1041
38017,39097
48037,1015
42041,56986
30057,2695
25027,111700
13219,46387
48023,133
51037,1010
38005,831
30071,163
27089,2256
27163,99072
48229,143
41061,1090
16027,33319
12071,61433
29099,6413
13267,664
49019,8811
26137,2402
37069,47832
36067,26360
28143,173
16029,400
48139,6210
16083,3044
54031,503
12001,66925
23025,16595
41003,33914
22117,259
51133,816
16043,1995
42095,44194
48025,654
29207,163
20133,209
40075,2189
24011,3086
06033,2438
06039,34886
06099,44598
45079,73632
45021,1773
12077,1967
33017,18044
37033,340
54067,1774
31071,3
24023,3048
22101,156
12097,55569
39061,130705
18061,4512
19063,711
48203,1662
42127,4693
30083,53
20195,0
51145,6116
51031,22742
53031,19830
50027,34033
37121,823
42031,11543
05037,342
45005,436
53055,9975
36113,7775
37049,9062
37055,9061
36051,7366
18021,1005
29189,170207
29195,2136
34011,2257
34019,34277
56035,1468
51103,714
17027,4362
48103,92
55057,2172
13245,13947
37047,653
37111,2481
56027,144
36009,9209
29031,1325
27173,495
56025,5740
25009,98581
08005,238928
13171,792
45017,2296
13007,60
16073,291985
47029,177
42103,12607
42099,33588
28083,1496
42067,11086
06081,137136
49043,12617
41033,2664
47147,2876
18149,416
20057,929
51059,479282
05015,4803
27073,112
27027,30082
22045,2423
27107,776
51089,885
23007,4277
27069,938
55131,17999
45057,56230
51003,54524
45051,10673
22013,68
21043,1134
48469,1008
55075,3121
19083,601
06041,52969
05121,125
13157,16328
51069,16745
34013,56798
48199,532
20131,19
04007,79444
05117,525
48435,0
48239,0
21217,1485
06079,22575
36105,21082
41023,1452
48269,0
13031,1886
05017,43
48311,163
08033,327
42033,6778
16085,3883
49015,14509
53053,143153
54095,449
36059,145387
48027,16485
24029,3992
37095,610
45053,17484
18175,2374
18051,655
05025,0
51117,2116
13291,9162
13301,41
32001,4848
36013,7578
05133,129
20023,4
51033,19657
48353,131
37065,6176
47045,4533
01055,1858
01131,3
01035,355
48127,295
21165,7108
01115,3831
08063,211
17043,252562
26003,7945
41001,2147
18027,166
08113,7178
42123,7892
51153,226222
21125,2814
05107,424
48107,99
21139,5376
21159,478
48087,0
19027,2497
05085,5793
48091,22775
47093,28784
23003,21134
51067,1942
20095,107
06007,21239
25001,48132
20001,1082
37107,254
01025,65
51181,2555
48287,1666
53067,77393
05109,427
17189,72
27119,20578
37115,1227
27097,4477
42049,78558
26115,19439
53025,13314
01111,43
06021,14297
45049,381
26099,108287
51109,1174
26063,2449
24041,3438
27129,810
55037,668
21069,176
22105,662
48001,376
18125,187
38097,976
46009,202
48009,148
19035,373
05039,0
29171,159
28013,8
54025,5043
04025,49964
13025,115
26029,19292
40145,12131
36029,72228
21123,3700
01113,9865
37141,5322
30027,2027
30063,21058
51053,4011
54005,123
05081,45
18137,3216
48061,16539
01101,16499
51073,6818
28151,83
13073,11123
30077,33861
48437,0
12123,1681
12013,995
16003,1461
13213,5125
21029,6745
48109,122
24045,3300
37079,305
21231,5059
48141,34194
21109,10636
38055,2223
51036,753
13217,5175
36061,190103
47155,5527
21061,1498
06095,39779
41047,41078
47073,2056
20053,1271
22017,10371
47151,12158
47159,1559
30007,7744
48195,13
06001,252906
22109,881
22029,224
45091,58355
04027,8114
12037,6090
12029,1449
06061,44642
12133,2613
47055,126
48379,177
12129,3812
13271,341
18159,529
01129,121
06055,33662
54073,1079
37099,9254
48051,16093
13103,3641
48431,114
48063,646
08031,310818
28089,4623
54087,3837
54027,1297
12131,25985
54103,59
54083,6275
21209,11581
37149,1594
08051,9257
06057,14063
51610,3380
06069,45880
51075,3294
21121,366
35017,3295
35021,88
37059,6202
08049,8182
29069,185
29183,164533
13237,465
22073,4836
48187,27301
48491,62267
39123,6546
30051,0
06077,41023
16059,2599
13141,1543
22025,15
24021,65124
30035,16429
37159,10056
53061,70288
24027,84274
13113,7697
01097,13063
24043,14073
51005,1803
06013,193656
31077,0
48073,1631
36063,25538
36081,224819
51167,2384
32015,8586
53065,2909
41045,1815
48495,137
37117,1089
13215,9410
53077,10240
30015,4191
53033,555824
22033,24758
38019,2204
01089,40111
37113,9439
37039,1678
51155,3192
37161,6139
38059,34134
48081,114
13107,721
51113,4425
48029,87518
51125,2737
47025,1110
17097,122743
47081,194
13251,103
53045,5156
37199,546
42071,75515
27137,74879
18089,27571
48075,220
28049,7705
36031,5114
42063,4350
32011,245
47105,5345
37083,2383
29029,1788
48161,23
51177,37523
26041,1373
51195,2756
39107,1548
40113,2836
19189,123
48261,0
27011,734
17153,326
23031,53258
55051,3375
24019,1421
05147,132
26083,2176
21237,7602
08019,6214
05013,58
21177,139
48089,719
26071,1076
30003,23672
21115,1741
35051,800
21027,764
01095,3761
22063,5130
23021,9393
30001,6767
01073,75300
24009,8932
22091,0
47033,405
22077,27
01069,5498
01063,769
41019,19995
18065,2310
22021,42
12007,2072
36047,162433
30029,40191
30093,4387
01005,694
06103,3654
22041,35
06089,70128
13001,265
53007,17573
24001,6177
01091,904
37125,1933
46117,3305
36065,14551
51161,15868
54013,30
08015,5366
42061,7914
48205,932
01085,411
05099,209
05075,179
06107,15462
06071,241696
16039,108576
55043,9170
45071,3853
48155,515
47059,877
45063,58938
41055,528
36103,327968
48393,0
30047,4342
47157,166721
44005,7457
22085,1056
19091,66
33007,24771
53075,10792
26013,3551
24035,8549
25013,38685
25021,140636
23015,13913
45061,984
48167,41196
49035,289921
51007,6188
37023,12216
06097,57842
48395,17
50009,2234
51139,7368
37133,17783
13139,34363
37015,1254
36077,1542
12031,255415
34005,68425
48245,1142
27077,2858
51147,1817
06025,11692
08029,1130
10001,25621
12033,43002
48457,0
19111,2234
48215,13825
48413,18
32027,2128
22111,283
13317,39
13305,1520
01001,1433
45055,4943
51149,5403
19147,120
22115,359
53015,8169
08109,6597
30105,1385
48441,10423
12089,138579
18069,961
48373,226
16079,7492
51175,34
29205,6
47175,566
47185,589
47041,107
49029,14193
21205,2511
21079,3354
22071,16177
51840,8085
21181,205
27171,42194
36043,3987
08117,16047
48315,232
47123,1691
48219,225
05011,6
05103,85
09007,41131
48277,926
20003,414
42035,12016
22059,1175
37137,1053
28029,51
45019,27223
12009,129609
29095,210539
05139,42
54019,1540
18161,731
05029,2435
37123,1918
12086,249376
51193,1313
06027,10594
06053,152186
35039,6124
51171,4437
42003,90171
19033,3292
36045,4128
09009,136052
48171,320
04021,194648
06093,19708
24031,336499
01117,73484
41065,11488
54045,744
48401,1052
17003,165
23027,9673
37193,9298
48129,30
21179,2634
54023,1065
36053,9908
13051,26783
38077,2714
22009,87
48349,605
40133,223
53027,6700
24017,28031
48071,2606
12053,13458
53017,9959
28017,185
21097,549
51019,13073
22079,2535
34025,93204
35007,5567
28137,312
27075,32806
48391,477
28033,20632
06017,27504
30045,102
40101,2381
21059,4221
28109,183
06003,3392
28163,270
24013,16800
47091,1783
08055,2541
49037,11569
40065,658
47089,2518
21189,706
12107,4249
55023,1687
40031,5713
12023,5194
18083,2451
45025,55
37009,3183
51057,118
55003,14214
37019,6675
46125,106
32033,2179
45007,17285
49005,58605
54109,216
05045,14043
54039,13033
13135,160344
40025,15
18001,962
22097,742
51121,15221
48313,0
30011,0
22005,883
45041,4560
53009,21684
21065,1522
48453,270096
29197,13
22015,10324
13029,14051
13303,334
37171,3554
28021,185
46095,31
48335,236
30039,4541
22035,85
08069,56120
20143,65
45045,55740
22037,254
20009,1726
16061,531
49011,81288
35055,6359
48449,1527
30033,8
48459,2237
06047,13164
36071,40198
18147,3141
46047,698
25011,24663
51083,585
51095,17498
16041,943
45083,43186
39167,13765
42045,53873
08093,17107
37051,12747
30031,24982
22039,774
19093,1192
01009,1729
22001,234
51191,5884
37021,20566
23017,12326
33009,40861
16037,6228
37139,4007
38067,1017
48175,696
19149,605
54081,4285
40067,44
26143,1085
13185,2981
17047,12
28087,1013
42091,189168
42053,3746
30013,4760
42017,191614
48405,3
41017,43477
38099,708
08071,2925
08057,4280
48303,19621
13289,1671
12049,90
48409,1838
54075,8700
42101,137502
51023,6668
53019,616
21101,5915
54065,994
48225,1277
13205,58
30081,8784
53047,7309
47141,5218
45075,3565
05095,386
21193,188
22083,610
16087,736
01099,486
22051,23019
39121,1917
46075,38
45085,5227
37029,5619
56031,6718
51157,4952
45067,229
48403,1003
30005,17
08045,7911
37155,1042
48347,2153
48067,170
13201,8
29037,6576
21005,150
12017,12332
21051,268
06005,2180
13089,51602
37173,12963
08053,8159
21003,697
22127,303
47189,14701
12117,64297
28039,149
12039,22665
21033,372
35033,1168
08027,5712
22125,138
44009,19470
51063,986
42133,69461
20119,89
37093,2174
13013,14916
12045,1921
13027,700
31013,324
05003,286
05007,93682
21127,2790
06009,2760
46137,85
20203,0
51061,55199
48045,3990
20081,18
48201,391927
27165,484
22065,626
39117,697
36111,55463
06085,496611
04009,3860
29063,539
32003,282320
12121,5385
37091,458
48343,269
47107,898
13079,2060
48371,481
46073,0
12065,628
47165,7031
13033,507
20079,1522
42089,12583
51165,12336
51159,279
37027,10594
48241,443
31049,0
46111,14
49013,332
51141,555
21031,367
06087,180255
24005,203153
51119,767
34031,100210
06083,79996
51111,421
45047,10505
31155,5639
13241,5290
51091,2266
21151,6660
26129,1468
27031,34343
29023,218
28157,70
13137,2329
13151,9471
53029,18415
47057,4093
42043,81198
21195,1075
48333,196
34003,215805
21175,604
37129,17686
04013,475839
01049,684
37183,601318
06051,14740
48233,666
37013,1745
47013,1131
56039,14062
24037,10275
30023,3643
48041,16963
12075,4565
42023,3832
54041,1254
12057,189037
53049,2598
20025,4
37167,1485
01071,1087
28159,229
11001,214451
12103,84323
48411,759
46103,54997
30087,2613
51087,46230
42125,59343
48359,28
26097,5903
45087,736
48427,224
20123,6
48105,27
48467,2819
25007,4343
27103,12633
51093,21346
26089,14011
08115,472
49007,753
53073,27545
13179,10720
48351,86
04001,2853
51041,48365
40023,69
13195,1963
21147,9537
51027,203
21085,859
37057,12192
26033,13948
06073,346258
18123,1811
48017,112
28055,60
06105,30141
51101,1919
34009,13019
21235,2969
19029,265
38085,304
21095,521
37017,164
21099,1369
48169,68
48033,0
47135,54
16033,335
42075,13694
48475,400
41031,1516
12083,14157
49033,271
47129,4498
37087,7312
50023,6422
55121,3160
48157,151846
29157,613
48321,2307
23009,20402
13269,44
40117,56
13189,2410
22103,4257
05057,1080
46023,451
21153,1056
55007,13057
48013,1822
37101,116617
54099,21650
47005,161
48499,2419
48083,11
21135,1309
51051,77
34023,121632
40095,316
48031,3555
12055,2566
37089,11483
48339,41734
27127,230
34027,110772
41015,3320
01003,13623
48079,0
30061,6986
16015,78386
30025,530
24039,1150
55029,7353
21155,516
01047,1164
13191,163
47063,2578
46035,5533
16049,4442
05063,2567
12027,703
21187,2340
26163,492401
41039,68154
51143,5195
30043,8784
54007,844
48455,0
01119,683
48419,124
04012,2250
20113,915
06019,55456
20055,785
47085,275
37153,429
42059,614
29027,8383
46007,89
22067,1549
37165,343
08095,0
40141,238
12113,35766
35029,1369
12079,695
12041,603
38071,1063
26079,2738
05131,6237
51015,13827
40125,2554
26109,1592
16063,49
35045,17221
48007,1212
08083,2807
36091,29500
33015,68272
05145,4337
01121,4762
30053,4735
48323,1920
20185,165
28069,36
47145,2194
48355,13038
51127,1660
34001,54941
13039,6285
28149,664
21067,64137
46085,657
45029,1598
21131,156
40027,31975
51690,198
13009,2298
19163,23879
13181,2455
28007,220
34033,18879
26039,2831
19117,237
18117,5156
19069,211
18055,333
26073,4003
39159,9176
19135,12
05009,1097
26023,460
42009,2760
42121,7020
13233,1687
21197,3605
27081,165
39099,42959
35023,1180
54001,1544
28053,99
05067,265
17185,302
49001,572
48473,14439
01043,1469
45065,2687
06011,797
06045,13950
46087,267
37177,334
36033,3226
20139,131
55115,643
06029,25500
29217,109
55095,9663
10003,56583
12087,178918
45069,314
01065,1172
53035,19658
20135,34
55001,1230
48361,708
13121,218995
21133,371
48119,83
48173,0
08013,83985
27021,26727
29041,129
17143,33763
55045,8162
22027,18
26157,469
21039,0
46099,17168
46061,26
42079,18457
17033,454
27079,5592
27091,282
55005,2106
38009,2383
55053,1668
29159,857
39091,1649
46005,172
18105,39403
19055,1087
19067,687
05087,1188
46039,62
49057,75314
26153,1721
50025,9564
18017,2149
56021,15415
27059,1029
48263,22
54105,321
39067,1069
39065,3634
31003,1131
37081,22731
46101,33
26027,1311
32023,194305
36011,13027
23011,14072
29117,610
48069,66
56009,5444
41025,204
41069,192
49055,562
55085,6498
18091,17130
37195,1059
38041,31
44003,9621
31123,1912
39113,44561
49009,210
37025,69753
29007,842
39063,17894
29151,4980
31001,621
32019,21338
30107,264
05049,232
55141,9556
05047,4492
17055,2283
17029,3348
55067,3470
28113,277
29107,1239
13015,4100
29011,187
42073,4370
29121,62
13143,312
17053,1394
42069,15130
39103,17280
13173,203
17025,2
26017,6917
39075,1356
13239,47
36101,8804
54035,578
38061,386
17201,16888
31043,5445
20093,0
29043,1331
18077,850
48049,87
27049,8893
37037,35058
35028,7927
05005,2595
28119,35
01029,3566
48117,107
27001,2792
42037,3631
27117,1006
48399,79
13223,5455
40011,741
48417,179
36085,66972
47083,9
47181,151
48281,775
29073,366
23029,14630
13321,103
17093,46035
51800,14030
26051,1276
51750,1574
29079,252
18009,224
36041,2297
25019,2739
48165,13592
38029,238
41037,544
19137,196
35013,26694
40035,140
55069,1344
40143,103895
01081,12899
47133,1732
40139,751
48447,0
19095,1099
26075,6259
29103,0
01013,514
48217,543
47061,3467
12111,11958
31083,369
31107,1034
32510,34373
18183,1982
48357,51
13037,2
47069,540
13081,167
51740,10020
40029,0
08007,696
29091,3444
31017,1013
36099,4340
17087,1809
40057,0
05055,784
48253,388
38069,167
18143,1165
40137,679
47177,146
13061,121
21083,78
31047,1118
37073,378
26125,297357
55071,3618
13207,767
28031,541
40151,237
01045,3716
17135,215
17173,1739
39033,131
40097,151
55049,4042
19025,367
48477,1872
51770,9070
13199,502
16017,6583
33013,30709
17139,510
40001,36
01061,41
31179,1716
08125,302
20137,41
48439,94567
48209,181809
13175,800
42057,4300
17163,46680
21045,440
26093,25584
21047,4337
31133,64
22061,2473
18025,3585
05119,80603
29225,176
48423,8821
19013,24878
21173,644
31113,0
13063,5396
48021,11334
19109,27
27109,64831
18029,1646
39031,801
46105,0
48059,161
50003,9464
28025,27
20167,313
47051,6373
48135,3773
47111,399
29013,812
48293,365
48319,47
47161,1334
35027,2062
19197,201
18011,11260
17049,1467
48047,0
53069,335
47131,4661
20169,3455
21207,2977
17133,6669
26161,172223
36021,8450
39015,1416
12109,90668
20085,271
12003,420
40081,35
13095,2155
12035,19362
47153,3112
42021,9268
18053,2775
55031,23781
36121,1665
18093,1907
40019,4358
22007,87
47067,531
53063,70178
48445,172
41063,950
49049,321523
26019,6661
17183,11081
20019,5
55027,8205
19121,1438
20089,61
51011,692
39169,3669
31125,0
31097,131
31101,199
30041,285
17095,1352
37145,329
46067,322
54061,4885
40093,171
31135,414
12051,7260
17099,4930
21113,22911
35061,12880
05027,583
40009,443
48237,150
27131,12416
46081,19657
46015,619
51043,2363
48211,105
38007,16261
39157,1516
29089,653
40105,7
41041,6512
29071,10050
40129,169
38003,315
42113,2325
17107,1212
18087,977
28135,2
05097,485
51173,2930
49027,5821
48483,39
28003,153
01031,754
51620,0
23005,29467
17001,4959
18079,5254
27067,2540
17011,1649
29125,0
55065,1380
40041,1342
29209,877
48143,2323
50013,524
55129,1973
39133,28399
19019,279
55099,2710
17059,743
21221,11642
31163,0
47011,4778
17151,3777
19101,1824
19125,521
39151,21167
19047,408
28115,577
39125,239
18075,241
38027,29
05053,241
26057,1372
31109,86466
31039,13
17119,39247
31167,1702
51790,458
40083,5262
46049,0
29153,160
20099,1027
28155,2
08061,99
31121,505
20041,60
48093,2201
38063,444
29186,310
39047,8984
51540,32809
08099,180
42065,8715
20145,335
31041,1185
48363,140
26025,12149
19173,116
30073,4904
54063,1628
33005,12970
21143,3190
29215,337
13259,1069
54097,738
55063,15766
37135,69386
36055,77456
36117,1564
40021,1776
17177,1859
27047,1759
29053,775
16001,332776
17035,36
21009,1384
18139,335
26135,923
18101,488
51700,32082
26121,23770
18035,26755
39069,1891
05129,2974
18171,105
29061,57
35006,3404
48191,0
39161,850
13235,36
41027,9868
18007,52
20101,0
16055,26252
51735,614
17165,3816
48251,9979
13193,72
21037,41827
12091,53247
29067,402
28057,89
31069,46
19171,377
21167,2241
51600,11673
41071,13428
05115,7682
40061,178
13045,6099
48493,1239
35001,78309
32007,4768
40043,246
55033,7961
27085,2159
29139,518
38103,329
29181,27
17149,1103
27133,752
29223,107
56017,711
37105,493
17041,821
05023,632
46029,2567
01059,127
46065,3314
39005,964
27151,190
48077,162
08021,161
51640,631
13023,35
04017,4236
20027,25
18133,4731
46102,290
17005,121
48145,1162
05123,102
17105,2228
39083,3918
28027,352
18111,1420
40153,100
30079,645
20097,78
18135,1943
37045,4146
27039,1269
42001,11179
46025,0
19077,1704
20125,266
37189,19587
28047,7361
17101,2291
50019,2806
47071,577
26059,2141
28077,74
31137,372
37063,154000
20037,1012
19073,744
08009,0
28111,103
38089,1236
13169,1793
31081,399
36037,2371
38057,769
45001,1871
51021,5732
21225,72
20159,157
31105,648
28101,111
48183,5241
46121,111
49045,5217
18099,2327
47101,68
21223,599
01079,605
08011,12
21001,2355
01057,409
17063,3334
29085,0
56015,445
21015,19206
28045,550
08103,1919
12005,32569
48309,8639
31175,107
20107,413
06049,10
31145,298
39155,12654
55119,2758
38087,1972
28093,1576
29187,553
12099,313674
27101,656
40073,316
20155,1301
30021,607
16075,1025
48003,1062
36027,39615
29173,492
48271,884
51013,114417
28139,244
26139,57744
22121,10027
39147,3157
51660,6938
18047,3264
40053,0
39149,1332
39041,38046
38001,190
39101,1606
36069,12763
54089,1532
21149,40
36019,2431
27125,1068
29169,309
05149,5064
31183,0
50015,4546
21057,80
19195,134
55135,7104
27029,5076
16035,3454
40049,203
46003,239
32021,576
39037,4583
29115,1532
31095,113
39021,795
51683,8987
47007,2250
31055,243354
17045,134
27003,150325
18067,21645
20073,76
13293,283
05089,337
34037,27221
20049,10
20129,278
18107,718
21105,211
31159,698
17039,940
20111,1558
20115,1494
48115,101
08079,1084
51049,628
29003,432
31115,0
35037,1247
48137,677
18019,34583
51590,4610
51760,23934
48331,464
12011,171778
13005,32
19011,1164
17169,244
48095,0
18165,167
01037,129
34039,48641
55107,1472
17073,4685
48497,1445
13227,893
31027,441
17147,1909
17155,696
47077,1788
55041,977
38021,124
46019,469
31129,0
46077,305
29141,1191
55101,33076
19085,7941
21141,12
26149,2414
48149,1092
46069,0
36057,6067
55017,4432
39145,10839
39053,2085
29097,3735
28153,358
29111,392
19099,1366
48085,100938
48489,224
27037,174451
29057,52
18129,1827
39055,27469
08105,311
17057,1552
37169,1470
48147,51
48397,5619
30091,23
32029,9410
51680,23104
01027,2072
29045,48
19119,1512
37191,2350
38049,1012
18023,2600
27115,6064
13255,1839
01021,960
41059,3007
29155,592
19075,257
17061,249
48275,0
46083,2591
56023,5330
39129,7479
18097,146183
40033,194
20153,107
17181,1949
27063,1075
17065,66
17145,218
17131,393
13047,2142
42081,28294
13145,1702
20091,173386
21091,415
29133,182
13099,360
13149,194
35011,12
27153,917
31161,305
54091,49
05071,7397
48485,3761
29005,1170
37077,2186
12021,54669
19105,981
51115,293
27019,51990
48507,0
50001,8059
50011,3922
21199,9354
27105,292
27123,104648
13111,2547
17123,56
05031,1367
55077,650
31177,1469
53039,8892
54009,2462
18113,3561
48099,11231
22019,2927
27007,9625
28081,2186
40109,75130
55091,2049
46135,1817
38101,9784
26021,8661
36035,7576
18005,3218
38047,4
39009,16739
13211,3445
27161,244
42015,1426
20077,9
19039,189
36039,9670
12081,47240
13299,422
33001,11444
26031,3959
16081,1276
13011,114
36083,22404
37003,334
31061,4
39111,3180
27087,575
18073,530
26043,537
20005,1235
31085,0
48197,682
40005,977
37109,1661
39171,2868
29051,7945
42055,17583
13277,1409
39045,11580
27157,1872
40149,185
28099,182
16021,4436
18145,1169
26007,4070
40063,37
31093,292
05077,16
27155,399
34029,35929
44001,5017
39073,9782
17071,2433
42093,1217
49039,1355
05135,286
12085,16134
40045,46
39027,3997
35009,1365
51595,0
31025,2465
38091,0
13225,570
36095,2905
21035,2023
31181,0
35041,1977
05079,125
09015,31751
13285,821
55073,24953
17111,30390
41067,165512
17013,2108
17125,908
17179,32628
45033,194
46027,1165
41057,1742
46013,2526
31119,1912
29109,80
55039,18571
47139,1547
40127,450
13065,0
31141,392
29149,104
20039,16
55125,8178
55097,25925
13059,55335
19107,66
18173,2801
06031,2743
48505,79
06075,76516
04011,1422
29127,4908
08119,2161
53057,51319
20173,32827
29167,1160
29137,102
36015,1558
08101,14248
39093,57245
01093,454
13097,7056
56041,876
31149,188
51820,1180
17115,14041
28095,293
39143,2539
13147,495
28147,0
05035,14425
27111,4442
28009,127
13273,4
28065,481
18109,1845
19051,53
48257,3076
13167,116
17085,4609
28161,257
28043,923
05033,10470
18103,7529
05101,6115
35025,12879
13295,4969
21227,8021
21219,226
01039,1387
17171,5
38073,1403
16071,1026
31139,1007
51530,325
08075,203
28075,524
38079,718
55123,2515
18013,7851
19001,235
13275,1737
28035,3773
47043,4966
26095,2000
18041,73
48259,6634
46011,2777
18119,2887
51079,1962
47015,154
20013,430
13257,839
39039,947
46045,26
01011,310
55059,13703
20065,0
27051,596
20021,313
28011,2261
20051,2887
01015,3281
08025,49
20193,31
49041,7492
17167,104853
27057,6382
19079,461
48113,155199
51678,1648
12043,442
13119,1227
40085,30
50005,5219
41029,21143
26101,6277
51065,1532
01075,178
45023,598
36049,3248
33019,6654
50021,27600
29179,43
46115,15
19081,170
55117,5754
48235,0
28019,229
30019,30
35005,3257
35043,24007
28023,249
39131,4377
27035,15113
27095,862
48243,358
46033,2618
27143,1418
36023,540
39051,3178
53051,1659
26011,167
19031,545
08003,6792
39163,3923
55137,1659
42083,6423
19009,948
27005,9443
37005,905
39085,30070
42011,43758
31165,384
18003,114428
47115,3003
19169,40009
48163,24
27141,23829
39097,2411
13087,442
46079,827
29135,1476
19057,2927
55083,3041
40099,3245
47027,211
05043,522
31029,0
35047,2534
39165,55768
34017,112055
54029,1457
18015,904
20201,22
48131,62
47109,150
47087,64
13101,0
39119,11088
16019,12749
17069,1736
29129,184
20147,113
39115,2427
21129,1644
22047,16907
18081,34497
09013,43075
21073,7167
29145,1116
26113,464
17051,584
01105,1286
27041,4021
26123,7586
39077,869
05059,2734
46119,0
31147,246
12067,494
28067,1239
21163,2848
20121,1113
39017,38684
29177,733
05141,183
21103,109
18153,355
21117,27627
19065,2801
48425,408
26067,2355
47171,320
28041,24
40017,2727
12063,4222
08097,7258
54079,4457
17121,6969
48011,13
37061,277
47023,1190
21171,78
26035,2219
47113,2734
13253,301
39003,14744
19145,637
30103,894
56037,1360
19059,1617
28125,4
40103,1968
16053,2792
51775,1748
56001,5762
48179,324
13243,367
18115,445
17081,637
51570,3271
27071,3765
12015,21865
31035,200
38013,418
54055,2632
12059,2171
29025,0
21201,132
18181,1858
31143,221
29163,669
13085,3343
36073,1220
55078,191
30065,29
48433,80
13197,0
48151,0
08047,2345
18057,188755
51580,155
35015,7634
48463,1239
29017,115
49031,558
28005,0
16045,185
35057,1503
48299,1319
29203,281
39105,265
28015,746
37187,414
21075,312
17117,497
35035,3183
41011,3489
29035,6
17075,1361
17067,1112
46089,4
46043,0
18121,1714
01053,116
48487,277
51830,6742
19123,1560
29093,35
13109,7
46097,0
30111,22286
29213,6469
51169,1020
55047,1207
17157,639
29065,537
20197,2323
06067,184488
19005,444
26085,3199
18177,8616
31063,0
05127,132
34015,33896
20157,102
31087,8
06035,5748
05105,3275
29119,672
28107,1012
27025,4571
20181,13
05051,6748
19133,886
39109,10036
16067,566
30067,6362
17091,5536
27009,18757
08041,109561
16065,3262
13057,9188
37179,60723
17021,1076
42087,52009
05137,871
27043,449
19037,450
28071,24437
12101,42889
51077,2578
46021,0
51670,634
17137,4954
19183,486
48325,527
20205,43
46059,9
42119,10058
48285,16
48177,349
40037,4885
13187,7290
29009,364
13067,67402
55035,18882
19131,585
21233,163
17083,3326
46109,596
27065,890
26061,6969
26005,6626
42077,31413
39019,550
26117,6279
20011,371
56011,879
55089,13355
19043,1625
40091,317
48097,1171
46031,206
39029,2708
51135,319
48249,456
17103,1979
31151,677
37071,22363
17089,149978
05143,52440
26049,27563
31033,746
39153,103100
27113,1012
13055,1546
42109,3453
48415,275
08039,7898
31153,83220
29229,54
13287,480
40007,45
20165,6
46129,206
31073,266
48295,0
20175,455
13003,166
54069,2037
28091,77
32017,1003
48189,422
21041,910
29059,326
45077,8228
39137,6998
38043,37
46057,18
40039,488
38031,201
32013,8395
40003,139
26111,15920
47099,1178
18045,108
46091,17
19187,1876
29131,999
55127,8886
39139,1868
13131,109
46051,360
39135,897
35019,84
19049,44548
24510,65859
31173,871
55109,19189
17009,91
18095,5497
17037,21380
19161,506
40077,435
19103,24677
29227,55
54101,2058
01007,1290
20029,133
18169,3091
36097,1616
33003,45516
32009,2665
38033,3916
18063,20227
19141,1683
17007,2203
20199,76
01133,215
47183,3035
28129,402
28117,146
26145,13974
27017,7879
27093,1961
04023,4029
54077,906
20117,179
38015,31961
18163,8539
48019,1546
42019,21793
19151,47
42115,1831
06115,10965
48273,738
20059,3208
48283,473
20151,411
08087,779
38011,73
45039,2411
47169,69
08014,68795
29077,27940
27099,5671
42085,8284
21137,870
40059,71
19165,350
42007,19908
31031,5019
17203,15432
54051,14156
55139,24595
47017,592
29221,685
42029,88356
26077,64701
48111,173
18033,1090
29175,1869
51710,13522
28061,135
29015,482
29055,1314
17195,2499
56007,1518
38045,274
31169,83
28141,1386
39057,25833
42039,7380
19127,6158
18151,3238
20171,25
48247,8
17199,2435
35053,8305
13017,121
17077,5789
28085,205
19155,45808
46037,895
48123,761
20127,162
21053,468
51510,22502
18131,360
13117,83554
20103,35809
19071,1377
25003,12558
40111,169
42047,6211
26037,10147
31023,208
29185,1187
26159,4322
21161,560
19007,346
20083,0
48133,58
26015,6874
05113,751
18037,1768
08121,456
48375,6724
17175,142
19153,174569
40071,1484
53059,8840
04019,183543
01017,855
17023,46
32005,16998
45011,1057
18043,20522
51730,3556
18141,19664
36003,5641
51520,1315
01127,577
26151,850
48181,2973
41053,12989
05111,257
50017,3991
01083,10485
37067,20298
37185,405
21087,729
37011,5014
30037,0
28059,3772
29219,4585
47103,37
51550,42105
22003,1459
01123,327
13071,1515
55021,9544
19003,0
13125,47
47039,147
19113,75329
30075,98
18127,19748
21021,3001
16047,178
36123,495
21215,517
31099,2283
31131,1350
47047,133
01125,43190
54015,865
18085,2920
20017,1163
21213,757
40107,11
01019,234
27135,2947
49003,113917
05065,108
40131,6021
33011,59896
21169,273
55015,6332
20209,95473
51630,4676
21157,7272
31117,0
51045,4741
42107,8960
01067,265
39087,26656
45081,793
29039,34
29081,254
22095,9116
47179,6438
36079,12381
39173,67054
13231,409
39001,2589
38039,69
48231,8944
51197,2133
31015,0
45037,4822
37035,8971
20043,569
39013,33494
47125,12848
46017,0
30101,404
38065,2193
36089,16489
47137,9403
13091,605
39049,195523
31065,37
40051,425
20007,74
55103,3272
19017,2361
31075,0
48065,88
12019,41416
36107,2795
21019,624
17141,7838
40123,622
19139,1187
08017,110
28123,59
29211,0
28103,84
08073,412
37097,17398
13115,4567
48365,100
19167,3803
13123,2754
20187,0
29101,3672
16009,749
21191,11012
29147,3329
31053,2555
09005,33454
05125,73226
48265,4543
47095,77
13155,322
48327,0
26009,7645
19087,1316
30095,1669
37197,2564
46053,327
20177,29380
37041,935
29123,259
56043,720
51810,38211
18059,14293
36109,20559
55093,8260
21111,82296
42025,5705
53013,259
49021,14041
48305,0
51035,2146
08089,790
36093,14477
40069,144
48461,3
13177,194
37157,2347
20141,65
48307,0
21049,1244
47019,3850
37175,4616
54003,3532
29201,475
13105,920
20189,3
18039,31298
26091,6308
31037,142
01103,9568
06109,4451
56003,586
29021,4030
51107,190792
13127,6409
45089,1499
22069,5342
53037,12457
34035,124129
29001,270
54093,2408
08107,3686
30055,200
37075,5706
13221,2002
08081,265
31079,1594
20047,9
13083,2561
39081,3620
20087,1088
51720,1371
26133,1316
19089,596
28133,3573
38023,109
55105,8740
31011,0
27149,711
38083,11
17079,213
39059,1569
31021,422
54053,1689
40121,637
21145,2964
31127,1336
09003,110849
13159,1372
08085,5660
40055,147
28063,24
54049,2365
48159,89
21211,2013
20183,0
48367,4317
26155,2280
20035,2375
48221,1183
19115,427
17127,2446
31045,582
13129,1234
27147,2056
55079,233862
17019,89986
27121,998
01077,6829
28127,177
47075,19
27055,7752
35049,61964
48337,0
17191,0
55061,646
18049,873
48429,17
30109,15
26001,608
22089,8347
12115,57583
40115,387
20191,224
37181,1424
20015,2598
29510,55964
55025,205813
40015,1227
05083,1205
55133,65511
48121,98784
28037,0
39079,514
23001,2242
22049,0
51685,6167
56019,372
48369,0
55013,5502
19097,4198
26045,16916
46107,8
38093,792
41009,4824
18167,7938
38051,81
04003,10958
13035,4723
28097,378
39007,9853
38081,300
42117,3575
51650,18108
13247,9318
20033,1413
54037,8824
27169,10551
17113,24788
06091,1222
26065,93375
16051,3089
19181,16220
29083,425
20179,111
48317,258
56045,32
19179,6083
35003,2522
16057,4240
29199,754
37001,6613
40047,1991
48055,2008
31111,2258
27045,3925
27033,965
13093,135
45013,4819
48297,422
39141,11060
29049,1200
49053,34589
31059,101
39025,30754
53001,8981
31089,531
18155,172
39071,3416
22023,329
19157,811
39175,581
23013,7999
23019,15667
27159,200
48279,0
42013,5653
53023,952
55009,30140
28105,6876
35059,85
37151,4245
26131,6508
48381,20432
40147,435
51071,7223
29161,2301
38025,389
21055,1030
36005,59201
48255,1441
48291,2072
17015,810
12061,26776
22093,342
13069,1777
20045,42220
31067,1259
38075,148
31171,47
29105,203
31051,454
19191,3050
55087,25612
13165,377
55081,2037
08123,54414
29165,49272
36087,26811
51025,343
36001,37291
30017,283
29047,62610
20063,8
26081,106795
26069,2430
21185,8052
48503,94
13297,15217
13053,8836
36007,11147
39023,8177
31057,13
31019,2480
17187,926
48345,0
21077,38
13307,40
39011,3495
37143,3671
55113,3284
35031,3695
26105,3174
20207,7
21023,445
17161,26231
21081,523
20061,25663
48385,270
48153,1098
16011,13600
19185,400
18031,1388
19061,12766
50007,36434
17159,923
17193,1760
26107,3974
55055,7858
26087,3845
42105,1201
13281,6941
20105,146
51183,124
26165,5123
41013,11842
41049,1480
19129,1409
46063,0
40119,15075
30097,173
26127,2748
19053,1922
13161,65
19041,586
29075,7
56005,1679
53003,1909
13043,597
48451,3103
39089,8794
19193,7455
